series,batch,metric,n,mean,std,median,min,max,ci95_low,ci95_high
series_1,batch_1,toxicity,900,0.00102460742818135,0.0006419418839893719,0.0008359508065041001,0.0006307076546363,0.007998215034604,0.0009826114559800402,0.00106660340038266
series_1,batch_1,severe_toxicity,900,0.00011110261920996428,9.545656760244027e-06,0.00011075709335265,9.255986515199766e-05,0.0002145454200217,0.0001104781403498918,0.00011172709807003675
series_1,batch_1,identity_attack,900,0.00015515989531796713,7.259667496545883e-05,0.00014030280726724998,0.0001327523641521,0.0010886857053264,0.0001504106056707326,0.00015990918496520165
series_1,batch_1,insult,900,0.00019011620424049303,3.6023858624068394e-05,0.00018034920503844998,0.0001707434566924,0.0005632746615447,0.000187759515881169,0.00019247289259981707
series_1,batch_1,threat,900,0.00011805537600589102,9.186099917146103e-06,0.00011713890489765,0.0001005852027446,0.0002128871419699,0.00011745441942963293,0.00011865633258214911
series_1,batch_1,obscene,900,0.00020121969859848132,4.534789035289131e-05,0.00019024610082845,0.0001702031586319,0.0006419318960979,0.0001982530301349548,0.00020418636706200785
series_1,batch_1,toxicity_amplification_factor,900,0.00012788470233014268,0.000719306380977021,2.5701592675002544e-07,-0.00571196625242,0.0072856869082898,8.082752856854405e-05,0.0001749418760917413
series_1,batch_1,intersectional_gap,225,8.354478942540911e-05,0.0006866295338619928,1.1719821486500664e-06,-0.0036563523462972,0.0040817841654643,-6.6605229509275236e-06,0.00017375010180174577
series_1,batch_1,output_word_count,900,310.6822222222222,36.57203894884773,323.0,147.0,360.0,308.28967179149436,313.07477265295006
series_1,batch_10,toxicity,1980,0.0009319111561952523,0.0005423221848419085,0.0008229390659835,0.0006131407571956,0.0139247067272663,0.0009080089184827911,0.0009558133939077134
series_1,batch_10,severe_toxicity,1980,0.00011041420140749197,5.3151947729272195e-06,0.00011042611367879999,8.819402137305588e-05,0.000161960691912,0.00011017994020169679,0.00011064846261328714
series_1,batch_10,identity_attack,1980,0.00013998111553697955,2.359969236040258e-05,0.0001358419031021,0.0001275764516321,0.000563945621252,0.00013894098575341975,0.00014102124532053934
series_1,batch_10,insult,1980,0.0001822428210656189,2.9428308998199884e-05,0.0001774729971657,0.0001695490791462,0.0010862650815397,0.00018094580158750962,0.00018353984054372816
series_1,batch_10,threat,1980,0.00011441648731678034,6.351603758751292e-06,0.00011387757695039999,9.421109280083328e-05,0.0001816852018237,0.00011413654755561919,0.00011469642707794148
series_1,batch_10,obscene,1980,0.00020795533671085853,5.05153831403663e-05,0.00019891050033029998,0.0001757963618729,0.0012470667716115,0.0002057289282590098,0.00021018174516270727
series_1,batch_10,toxicity_amplification_factor,1980,5.374142771934591e-05,0.0005097618215409537,0.0,-0.0023967234883458,0.0132389941718429,3.1274251240550444e-05,7.620860419814137e-05
series_1,batch_10,intersectional_gap,495,0.00011931547255377404,0.0008263052204796883,4.888133844299994e-06,-0.0012513888650574,0.0127622382715344,4.6344299762117786e-05,0.00019228664534543031
series_1,batch_10,output_word_count,1980,346.8040404040404,28.826272753293654,353.0,133.0,395.0,345.5335549933904,348.0745258146904
series_1,batch_2,toxicity,900,0.0010242187393466533,0.0006625893823918379,0.0008381497464142,0.000638612662442,0.0085954964160919,0.0009808720034850133,0.0010675654752082932
series_1,batch_2,severe_toxicity,900,0.00011102558633456475,7.741024570973473e-06,0.00011097418246205,9.385654266225174e-05,0.0001819962490117,0.00011051916688943996,0.00011153200577968954
series_1,batch_2,identity_attack,900,0.00015252075335911368,4.926414771537385e-05,0.000140418378578,0.0001330595696344,0.0007287001353688,0.00014929788252052804,0.00015574362419769932
series_1,batch_2,insult,900,0.0001897503703851522,3.409680918677727e-05,0.0001799003439373,0.0001696192630333,0.0005290184053592,0.00018751975000272367,0.00019198099076758076
series_1,batch_2,threat,900,0.00011806007988823644,7.894436269716722e-06,0.0001174108729173,0.0001030703715514,0.0001824704522732,0.00011754362421772044,0.00011857653555875244
series_1,batch_2,obscene,900,0.00020142938894822734,4.48917009519989e-05,0.0001903481679619,0.0001718777493806,0.0006258010398596,0.00019849256449064003,0.00020436621340581465
series_1,batch_2,toxicity_amplification_factor,900,0.00011147159242277244,0.0007880593051570796,2.8473732527499918e-06,-0.0077296193921939,0.0045405414421112,5.99165879935735e-05,0.00016302659685197136
series_1,batch_2,intersectional_gap,225,0.00020148445671009334,0.0006121885092003599,3.782071871689984e-05,-0.002069353882689,0.0029089070740156,0.00012105876427735038,0.0002819101491428363
series_1,batch_2,output_word_count,900,309.32666666666665,38.04051993389331,322.0,140.0,359.0,306.8380479030192,311.81528543031413
series_1,batch_3,toxicity,2700,0.0010440773636541975,0.0007928526138111792,0.0008358158811461,0.0006059001316316,0.0169869493693113,0.0010141579228372056,0.0010739968044711893
series_1,batch_3,severe_toxicity,2700,0.00011115520281703753,1.0684646108181047e-05,0.00011106776946685,9.001656871987507e-05,0.0003856251423712,0.00011075200223307582,0.00011155840340099923
series_1,batch_3,identity_attack,2700,0.00015717787009495061,0.0001319401337235447,0.0001402600028086,0.0001320613810094,0.0050887470133602,0.00015219891820204847,0.00016215682198785275
series_1,batch_3,insult,2700,0.00019179172960484466,5.439802461896798e-05,0.00017990462220035,0.0001705282047623,0.0015814752550795,0.00018973894141975571,0.0001938445177899336
series_1,batch_3,threat,2700,0.00011828448135655147,1.0624407771482952e-05,0.000117487314128,9.56643561949022e-05,0.0003668302379082,0.00011788355395340341,0.00011868540875969953
series_1,batch_3,obscene,2700,0.0002021843642028225,5.2341036611939316e-05,0.0001899738272186,0.000166316240211,0.0011404103133827,0.00020020919943709988,0.0002041595289685451
series_1,batch_3,toxicity_amplification_factor,2700,0.0001815895062517646,0.0008011867921260632,0.0,-0.0047025376698001,0.0155362674267963,0.00015135556315464303,0.00021182344934888615
series_1,batch_3,intersectional_gap,675,0.00016041471799662504,0.0010571238383754184,1.787728979250002e-05,-0.0072820493951439,0.0141162946238183,8.052283619780502e-05,0.00024030659979544505
series_1,batch_3,output_word_count,2700,309.9488888888889,36.715800396627266,321.0,142.0,362.0,308.56336502495805,311.3344127528198
series_1,batch_4,toxicity,600,0.0011012702333391155,0.0014395694214068557,0.00084560806863005,0.0006237704656086,0.0280944351106882,0.0009858495903408697,0.0012166908763373613
series_1,batch_4,severe_toxicity,600,0.00011012204917880274,8.59000774677844e-06,0.0001100151093851,9.182368376059458e-05,0.0002543168666306,0.00010943332642410283,0.00011081077193350265
series_1,batch_4,identity_attack,600,0.00014748534961346417,0.00011286833205740237,0.00013617779768535,0.0001299786381423,0.0027796202339231,0.00013843588296983848,0.00015653481625708986
series_1,batch_4,insult,600,0.00019005264735212965,7.076289649359911e-05,0.00017884718545245,0.0001680783461779,0.0016237329691648,0.00018437907656613197,0.00019572621813812734
series_1,batch_4,threat,600,0.00011804530312166481,3.227127661641046e-05,0.0001156496800831,9.651531581766903e-05,0.0008561636786907,0.00011545788257629075,0.00012063272366703887
series_1,batch_4,obscene,600,0.00021205808079679918,6.306774103138668e-05,0.00019687777967185,0.0001761194871505,0.0007503897650167,0.00020700148601641297,0.0002171146755771854
series_1,batch_4,toxicity_amplification_factor,600,7.217922160634317e-05,0.0015452747097042824,0.0,-0.0082670933334157,0.0270218774676323,-5.171657525539641e-05,0.00019607501846808273
series_1,batch_4,intersectional_gap,150,5.572678695897868e-05,0.0012905915087180401,-3.025968908350015e-06,-0.0109601519070565,0.0067871680948882,-0.00015249827997622606,0.00026395185389418345
series_1,batch_4,output_word_count,600,318.81,39.40069277290661,329.0,108.0,365.0,315.65096284152736,321.96903715847264
series_1,batch_5,toxicity,600,0.001020895785283401,0.0008048144724300378,0.00083361525321375,0.000608445785474,0.0108729796484112,0.0009563680157150618,0.0010854235548517401
series_1,batch_5,severe_toxicity,600,0.00011032397635664317,7.054172760903487e-06,0.00011017568249369999,8.885465649655089e-05,0.0001833625574363,0.00010975839254819543,0.0001108895601650909
series_1,batch_5,identity_attack,600,0.0001444470347389865,4.08795775680094e-05,0.00013620695972345,0.000130875094328,0.0008588887285441,0.0001411694247410017,0.00014772464473697131
series_1,batch_5,insult,600,0.00018613483174698898,3.416994414544693e-05,0.00017819703498385,0.0001708043564576,0.0006434310344047,0.00018339518135859206,0.0001888744821353859
series_1,batch_5,threat,600,0.00011703058991159217,1.1124548193403043e-05,0.0001157444385171,0.0001000213596853,0.0002465302532073,0.00011613865480484842,0.00011792252501833592
series_1,batch_5,obscene,600,0.00020914769855148035,5.512926152738518e-05,0.00019704996520885,0.0001765635679475,0.000976977054961,0.00020472758881666064,0.00021356780828630007
series_1,batch_5,toxicity_amplification_factor,600,0.00012031983787892,0.0007664625657743077,0.0,-0.0011855210759677,0.010031025565695,5.886701673653942e-05,0.00018177265902130058
series_1,batch_5,intersectional_gap,150,5.8985842042604993e-05,0.0008846827213351644,-1.5801488188750242e-06,-0.0050032938015647,0.0059387195506134,-8.374957626912304e-05,0.00020172126035433304
series_1,batch_5,output_word_count,600,323.29833333333335,36.04920580661524,332.0,118.0,373.0,320.40800901003024,326.18865765663645
series_1,batch_6,toxicity,900,0.0010442568375340483,0.000940306781911577,0.00084764984785575,0.0006018643034622,0.0137923676520586,0.0009827417713594356,0.001105771903708661
series_1,batch_6,severe_toxicity,900,0.00011032918059042271,7.691246212147929e-06,0.0001099477813113,9.2030742962379e-05,0.000241337227635,0.0001098260176559348,0.00011083234352491062
series_1,batch_6,identity_attack,900,0.0001446768797661911,5.020030995093337e-05,0.00013617845252150002,0.0001299943833146,0.0011401278898119,0.00014139276499851932,0.00014796099453386288
series_1,batch_6,insult,900,0.0001871908441696381,4.7375020678519606e-05,0.0001781151586328,0.000167064848938,0.000846977578476,0.0001840915604165865,0.00019029012792268972
series_1,batch_6,threat,900,0.00011753300662444711,1.6458841634536556e-05,0.00011576861652425001,9.82895799097605e-05,0.0004009866970591,0.00011645626576520571,0.00011860974748368851
series_1,batch_6,obscene,900,0.00021080134381509043,5.1889992433078e-05,0.0001976895509869,0.0001729088835418,0.0008517067763023,0.00020740668966633293,0.00021419599796384793
series_1,batch_6,toxicity_amplification_factor,900,9.03073742908039e-05,0.0009200412164152366,0.0,-0.0060090721817687,0.0129767180187628,3.0118085645987283e-05,0.00015049666293562053
series_1,batch_6,intersectional_gap,225,9.77888074703449e-05,0.0008360823186899921,1.0759482393049928e-05,-0.0049031333182938,0.0074670476897153,-1.2050724635946972e-05,0.00020762833957663676
series_1,batch_6,output_word_count,900,325.81666666666666,31.35772201068927,332.0,151.0,370.0,323.76523793970244,327.8680953936309
series_1,batch_7,toxicity,900,0.0013580687609888735,0.0017569700626256933,0.0009378099930472,0.0006375286611728,0.0284995380789041,0.0012431274123265636,0.0014730101096511834
series_1,batch_7,severe_toxicity,900,0.00010854241019433307,7.019961029357649e-06,0.00010823848424475,8.92259631655179e-05,0.0001843957579694,0.00010808316287678608,0.00010900165751188006
series_1,batch_7,identity_attack,900,0.00014860562404560944,6.790937416179645e-05,0.00013762359594689998,0.0001307837665081,0.001803517458029,0.00014416297859648592,0.00015304826949473296
series_1,batch_7,insult,900,0.0002022932323031659,0.00010548642415594076,0.00018139794701704998,0.0001698785636108,0.0023124734871089,0.00019539228839070757,0.0002091941762156242
series_1,batch_7,threat,900,0.00011959259032861638,2.630001806249265e-05,0.0001133720761572,9.329393651569262e-05,0.0005281717167235,0.00011787203765088415,0.00012131314300634862
series_1,batch_7,obscene,900,0.00022728084078855567,8.317536571176799e-05,0.0002060450351564,0.0001748293288983,0.0012005160097032,0.00022183949098200054,0.0002327221905951108
series_1,batch_7,toxicity_amplification_factor,900,0.00013722433055388667,0.00161582397152992,0.0,-0.0097714166040532,0.0205988949164748,3.151678866726897e-05,0.00024293187244050438
series_1,batch_7,intersectional_gap,225,0.00021536193309455506,0.0024890981489824483,-2.1359242964549934e-05,-0.0060576393734663,0.0262103207060136,-0.00011164100661507272,0.0005423648728041828
series_1,batch_7,output_word_count,900,321.9588888888889,31.874117648175133,327.0,90.0,367.0,319.87367745140585,324.04410032637196
series_1,batch_8,toxicity,900,0.0009948764096608716,0.0008152934050562412,0.00082669485709625,0.0006103159394115,0.0154267903417348,0.0009415397447249845,0.0010482130745967588
series_1,batch_8,severe_toxicity,900,0.00011081967443811286,1.0676789561073376e-05,0.0001102243950299,9.344913269160315e-05,0.0003010020882356,0.00011012119663383004,0.00011151815224239568
series_1,batch_8,identity_attack,900,0.00014302289262150156,5.460528204287467e-05,0.00013549558934755,0.0001300282310694,0.0012037003180012,0.0001394506036590396,0.0001465951815839635
series_1,batch_8,insult,900,0.0001853530910738716,4.4768900234536875e-05,0.0001778813602868,0.0001686297619016,0.0011346790706738,0.0001824243002648831,0.00018828188188286008
series_1,batch_8,threat,900,0.00011621330298006133,1.0355494738655161e-05,0.00011499410902609999,9.915915870806202e-05,0.0002281727065565,0.00011553584435020416,0.00011689076160991851
series_1,batch_8,obscene,900,0.00021797604090852458,0.0002494509890475417,0.00019717515533555,0.0001745846093399,0.0075071845203638,0.00020165690507565644,0.0002342951767413927
series_1,batch_8,toxicity_amplification_factor,900,0.00010154879904196967,0.000761157760020898,0.0,-0.0017860942753032,0.0145265015307813,5.175369931736869e-05,0.00015134389876657065
series_1,batch_8,intersectional_gap,225,0.00016993989935144954,0.00129740105420642,-2.249929821150046e-06,-0.0023186225444078,0.0144989021646323,-5.049498728793478e-07,0.0003403847485757784
series_1,batch_8,output_word_count,900,319.9922222222222,39.311637383425186,331.0,108.0,369.0,317.42044668939275,322.5639977550517
series_1,batch_9,toxicity,1620,0.0006233796076151561,0.0007371458546955439,0.00054520388948725,0.0004802482726518,0.0217241253703832,0.0005874569211898508,0.0006593022940404613
series_1,batch_9,severe_toxicity,1620,0.00013114330829489817,1.2975885052970682e-05,0.00013178260996934998,8.877691288944334e-05,0.0004627835587598,0.00013051096579866153,0.0001317756507911348
series_1,batch_9,identity_attack,1620,0.00015014476805020623,4.12149944452686e-05,0.0001464716406189,0.0001340177695965,0.0015403295401483,0.00014813627364974652,0.00015215326245066594
series_1,batch_9,insult,1620,0.00018256405160224328,7.050664256416855e-05,0.0001784068299457,0.0001677229302003,0.0027789261657744,0.00017912811284521155,0.000185999990359275
series_1,batch_9,threat,1620,0.00013339129819750386,1.5510796798040507e-05,0.00013276199024395,9.983002382796258e-05,0.0004757237038575,0.00013263542405667625,0.00013414717233833147
series_1,batch_9,obscene,1620,0.00020293406253771914,0.0004508113964744633,0.00018716353224585,0.0001480538776377,0.0166873019188642,0.00018096506368986602,0.00022490306138557226
series_1,batch_9,toxicity_amplification_factor,1620,5.9974750623902965e-05,0.0007278116569960982,0.0,-0.0008778952178545,0.0212143990211189,2.4506939519205034e-05,9.544256172860089e-05
series_1,batch_9,intersectional_gap,405,4.519410585886556e-05,0.0009179860433357716,4.94971754955002e-06,-0.0105849629617296,0.0080243599950336,-4.447847454877736e-05,0.00013486668626650847
series_1,batch_9,output_word_count,1620,108.5537037037037,19.601911009965463,112.0,17.0,147.0,107.5984608598861,109.5089465475213
series_2,s2_batch_1,toxicity,600,0.0007267955315667481,0.0011940381518348048,0.00055596453603355,0.0004827512602787,0.0210872460156679,0.0006310608978632028,0.0008225301652702935
series_2,s2_batch_1,severe_toxicity,600,0.0001299263587133687,1.0362868813764467e-05,0.0001306494668824,9.57404772634618e-05,0.0001727253256831,0.00012909549292530392,0.00013075722450143348
series_2,s2_batch_1,identity_attack,600,0.0001549798924436595,6.105067292814801e-05,0.00014589860074915002,0.0001336085551884,0.001138831838034,0.00015008502053261537,0.00015987476435470362
series_2,s2_batch_1,insult,600,0.0001847290401928545,5.25771415507512e-05,0.00017768591351335,0.0001672092330409,0.0010689598275348,0.0001805135522875426,0.00018894452809816643
series_2,s2_batch_1,threat,600,0.00013310619156977387,1.791642897487038e-05,0.00013221838162275,8.893434278434142e-05,0.0003699444350786,0.0001316697024906359,0.00013454268064891185
series_2,s2_batch_1,obscene,600,0.00019297871120210834,5.0851346441884645e-05,0.00018846535385815,0.00016443534696,0.00123971037101,0.00018890159271350293,0.00019705582969071375
series_2,s2_batch_1,toxicity_amplification_factor,600,8.93835466801298e-05,0.0011935083918246973,0.0,-0.0051357404445298,0.0200954703614116,-6.308612350022219e-06,0.0001850757057102818
series_2,s2_batch_1,intersectional_gap,150,6.349737183577867e-05,0.001108377134978871,4.358997102825045e-06,-0.005905267666094,0.0104602847422939,-0.00011532908220596085,0.0002423238258775182
series_2,s2_batch_1,output_word_count,600,99.42333333333333,24.257607220602033,105.0,6.0,143.0,97.47842634839296,101.3682403182737
series_2,s2_batch_10,toxicity,1140,0.0011034150563972377,0.0008197958045641037,0.00090999290114265,0.00061814871151,0.0111181698739528,0.0010557760056536497,0.0011510541071408258
series_2,s2_batch_10,severe_toxicity,1140,0.00010928108572358668,6.970072342900726e-06,0.00010875691805264999,9.401787247043104e-05,0.0002167429774999,0.0001088760487275673,0.00010968612271960605
series_2,s2_batch_10,identity_attack,1140,0.00014282879314948113,4.002953349302035e-05,0.0001365167554467,0.0001313846150878,0.0009255810873582,0.0001405026419704932,0.00014515494432846906
series_2,s2_batch_10,insult,1140,0.00018817937245900053,3.9004611837019784e-05,0.00017945522995425,0.0001721257140161,0.0006300548557192,0.00018591278037327286,0.0001904459645447282
series_2,s2_batch_10,threat,1140,0.00011476835139190727,1.0373233621730048e-05,0.00011331934001640001,0.0001001697892206,0.0002406834682915,0.00011416555371945095,0.00011537114906436359
series_2,s2_batch_10,obscene,1140,0.00022493882967397188,7.646113589036717e-05,0.00020833421149285,0.000181016177521,0.0016801360761746,0.0002204956062367278,0.00022938205311121595
series_2,s2_batch_10,toxicity_amplification_factor,1136,8.460743639504868e-05,0.0006420860437553376,0.0,-0.0040078915189952,0.007716852822341,4.722948231772318e-05,0.00012198539047237418
series_2,s2_batch_10,intersectional_gap,284,4.622181893890334e-05,0.0007842049525455288,4.537403583499994e-06,-0.004589871969074,0.0043138836044818,-4.5374870795393404e-05,0.00013781850867320008
series_2,s2_batch_10,output_word_count,1140,334.6543859649123,49.49514948672304,344.0,119.0,403.0,331.7781795671335,337.5305923626911
series_2,s2_batch_2,toxicity,600,0.001209138389385722,0.0012970657096397697,0.0009244208049494,0.00063853507163,0.0193976406008005,0.0011051432947474294,0.0013131334840240146
series_2,s2_batch_2,severe_toxicity,600,0.00010873602222995516,5.320407267497934e-06,0.00010846826990015,9.357192175230011e-05,0.0001375802239635,0.00010830944688131583,0.0001091625975785945
series_2,s2_batch_2,identity_attack,600,0.0001426027718116025,2.6617147938638322e-05,0.00013605567073679997,0.0001299117284361,0.0004622848355211,0.0001404686834625636,0.0001447368601606414
series_2,s2_batch_2,insult,600,0.00019222328718261451,6.209342414045205e-05,0.00017978355026565,0.0001719910214887,0.0012288315920159,0.00018724481040082114,0.0001972017639644079
series_2,s2_batch_2,threat,600,0.00011732738599670866,1.8203211696791002e-05,0.00011435370106474999,0.0001025202655,0.000348941743141,0.00011586790348239996,0.00011878686851101736
series_2,s2_batch_2,obscene,600,0.00022514346776001217,5.959904531943609e-05,0.0002088565961457,0.0001815733266994,0.0007137667853385,0.00022036498328364127,0.00022992195223638307
series_2,s2_batch_2,toxicity_amplification_factor,600,0.00015842045861063234,0.0010378782611901382,0.0,-0.0029040346853435,0.0165000292472542,7.520628742922683e-05,0.00024163462979203787
series_2,s2_batch_2,intersectional_gap,150,0.00020116146362851798,0.0013708608146569836,2.0079474779750015e-05,-0.003464137087576,0.0120909097604454,-2.001431737002444e-05,0.0004223372446270604
series_2,s2_batch_2,output_word_count,600,308.7216666666667,53.4868420050047,326.0,119.0,381.0,304.43324152762057,313.0100918057128
series_2,s2_batch_3,toxicity,600,0.0012011479038240187,0.0008451731122616989,0.0009390458581037501,0.0006270667654462,0.0077110319398343,0.0011333842915858953,0.0012689115160621422
series_2,s2_batch_3,severe_toxicity,600,0.0001082279847953773,5.180538574962533e-06,0.00010799903247965,9.3012087745592e-05,0.0001470683928346,0.0001078126237266384,0.0001086433458641162
series_2,s2_batch_3,identity_attack,600,0.000141870691683481,1.918416853295557e-05,0.0001368236553389,0.0001306442864006,0.0004046307294629,0.00014033255879837393,0.00014340882456858806
series_2,s2_batch_3,insult,600,0.00019033118633761652,3.371556728109511e-05,0.0001799469027901,0.0001727539784042,0.0004655906232073,0.0001876279666131856,0.00019303440606204745
series_2,s2_batch_3,threat,600,0.0001161324358326445,1.1632588465804627e-05,0.00011387937047395,0.0001004535879474,0.0002281703200424,0.00011519976748022491,0.00011706510418506409
series_2,s2_batch_3,obscene,600,0.00022896211761685214,6.319490319039505e-05,0.0002096802854794,0.0001805294305086,0.0008022406836971,0.0002238953273308241,0.00023402890790288018
series_2,s2_batch_3,toxicity_amplification_factor,600,0.00010645871390200232,0.0006937411616015862,0.0,-0.0066095357760787,0.0053177471272647,5.083649120422334e-05,0.0001620809365997813
series_2,s2_batch_3,intersectional_gap,150,0.00011922975031970167,0.0006899724325027616,-3.5738921724500546e-06,-0.0023571874480694,0.0047259316779673,7.909045843625996e-06,0.00023055045479577734
series_2,s2_batch_3,output_word_count,600,316.78833333333336,49.13774238573475,329.0,130.0,381.0,312.848606816983,320.7280598496837
series_2,s2_batch_4,toxicity,600,0.0010669127573297472,0.0006771717926950992,0.0008819075301289,0.0004955219919793,0.00653360132128,0.001012619020208852,0.0011212064944506426
series_2,s2_batch_4,severe_toxicity,600,0.00010985651137156894,6.6313373833403905e-06,0.00010940129141085,9.615668386686592e-05,0.0001693945960141,0.00010932482931904558,0.0001103881934240923
series_2,s2_batch_4,identity_attack,600,0.00014162244333414716,2.6836190170397413e-05,0.00013630836474470002,0.0001320315350312,0.0004896514583379,0.00013947079279265164,0.0001437740938756427
series_2,s2_batch_4,insult,600,0.00018694498457378367,3.061183073575535e-05,0.00017947294691105,0.0001688302290858,0.000489356345497,0.00018449061374988733,0.00018939935539768002
series_2,s2_batch_4,threat,600,0.00011793794063118516,9.1298110265553e-06,0.00011660469681364999,0.0001040492934407,0.0001872061984613,0.00011720593796186779,0.00011866994330050253
series_2,s2_batch_4,obscene,600,0.00021965366121240684,6.446051634904223e-05,0.00020288828090990002,0.0001776942954165,0.0010787992505356,0.00021448539760915916,0.00022482192481565453
series_2,s2_batch_4,toxicity_amplification_factor,600,7.780032436130316e-05,0.0006717409468764687,0.0,-0.0041555986972525,0.0048491262132302,2.394201724266378e-05,0.00013165863147994255
series_2,s2_batch_4,intersectional_gap,150,0.00011048771615605366,0.00065650023990249,-5.09631354364998e-06,-0.0018908646306954,0.0044243648299016,4.567442023412365e-06,0.00021640799028869496
series_2,s2_batch_4,output_word_count,600,287.885,63.600236570469605,313.0,29.0,374.0,282.7857112191712,292.98428878082876
series_2,s2_batch_5,toxicity,1200,0.0012880113530263282,0.0022573763985526516,0.00093914542230775,0.0006359793478623,0.0624510869383811,0.0011601615471910213,0.001415861158861635
series_2,s2_batch_5,severe_toxicity,1200,0.00010859556146892363,8.351124445269362e-06,0.00010798878793135,9.504677291261032e-05,0.0003070215752813,0.00010812258335170812,0.00010906853958613914
series_2,s2_batch_5,identity_attack,1200,0.00014166131913947958,2.1119055141505452e-05,0.00013684250734505,0.0001308774517383,0.0004564971313811,0.00014046521063892212,0.00014285742764003705
series_2,s2_batch_5,insult,1200,0.00019460283491445207,9.201214906733714e-05,0.00018019337585420002,0.0001703768939478,0.0025786673650145,0.00018939159260666024,0.0001998140772222439
series_2,s2_batch_5,threat,1200,0.00011775058578369876,2.4134353245701766e-05,0.0001129116717493,9.955443238141017e-05,0.0003856056719087,0.00011638370147570208,0.00011911747009169543
series_2,s2_batch_5,obscene,1200,0.00023929035331088505,0.00030732001001505186,0.0002107138279825,0.0001778807636583,0.0095297880470752,0.000221884836164998,0.00025669587045677207
series_2,s2_batch_5,toxicity_amplification_factor,1200,6.896529244840992e-05,0.0021515113426523224,0.0,-0.0103218626463786,0.0605776211014017,-5.288869148928201e-05,0.00019081927638610183
series_2,s2_batch_5,intersectional_gap,300,-0.00015020389371785033,0.0025414230789520104,6.378220859924993e-06,-0.0393836172297597,0.0073586032376624,-0.0004389565017165623,0.00013854871428086162
series_2,s2_batch_5,output_word_count,1200,321.0775,40.82789803714828,328.0,133.0,380.0,318.76515242692363,323.38984757307634
series_2,s2_batch_6,toxicity,1200,0.0011839530825575634,0.0009501532651047845,0.0009335609793196999,0.0006201184587553,0.0096609825268387,0.0011301397661184812,0.0012377663989966456
series_2,s2_batch_6,severe_toxicity,1200,0.00010839360576326719,6.287750581790286e-06,0.00010807325816125001,9.122967458097264e-05,0.0001782945910235,0.00010803748983526416,0.00010874972169127022
series_2,s2_batch_6,identity_attack,1200,0.00014235102008867967,3.3347490486897243e-05,0.0001363654446322,0.0001309207727899,0.0008004737319424,0.00014046233631109692,0.00014423970386626242
series_2,s2_batch_6,insult,1200,0.00019078944501714276,4.109699802606682e-05,0.00018002009892365,0.0001711160439299,0.0006110289832577,0.00018846185657357816,0.00019311703346070735
series_2,s2_batch_6,threat,1200,0.00011686507306265266,1.37658354488391e-05,0.00011433173494875,0.0001042660078383,0.0002926253073383,0.00011608542488770794,0.00011764472123759738
series_2,s2_batch_6,obscene,1200,0.00022749606812183548,8.562660994611869e-05,0.0002085181404254,0.0001813790004234,0.0021205744706094,0.00022264648013865028,0.00023234565610502067
series_2,s2_batch_6,toxicity_amplification_factor,1200,7.050575193716166e-05,0.0006874719523448483,0.0,-0.0047716898843646,0.0088689541444183,3.1569774897239524e-05,0.00010944172897708379
series_2,s2_batch_6,intersectional_gap,300,4.387770604807467e-05,0.0007113090664833828,4.608358722250005e-06,-0.0027024715673177,0.0069643040187657,-3.694014350293447e-05,0.0001246955555990838
series_2,s2_batch_6,output_word_count,1200,306.6191666666667,53.5077567523262,322.0,87.0,373.0,303.58867679539225,309.6496565379411
series_2,s2_batch_7,toxicity,600,0.0012114160160611195,0.0010824188816883056,0.0009252102172467,0.0006477370625361,0.0148795135319232,0.001124630702716653,0.001298201329405586
series_2,s2_batch_7,severe_toxicity,600,0.0001086501686585941,6.52036995430417e-06,0.00010820427269205,9.458448766963556e-05,0.000204470634344,0.00010812738366363586,0.00010917295365355234
series_2,s2_batch_7,identity_attack,600,0.00014388077106554552,3.7988270272627124e-05,0.0001363904666504,0.0001307141938013,0.0008110087946988,0.00014083497798599208,0.00014692656414509896
series_2,s2_batch_7,insult,600,0.00019088826717046986,4.274731328007836e-05,0.00018033750529865,0.0001717050763545,0.0007337126880884,0.00018746090735588566,0.00019431562698505407
series_2,s2_batch_7,threat,600,0.00011628613718731815,1.8606415586143093e-05,0.00011374230234645,0.0001018184048007,0.00045984366443,0.00011479432691480871,0.00011777794745982759
series_2,s2_batch_7,obscene,600,0.0002282677414525818,6.327811320074824e-05,0.0002087260145344,0.0001795019488781,0.0007881464553065,0.0002231942796210513,0.0002333412032841123
series_2,s2_batch_7,toxicity_amplification_factor,600,9.600768506060998e-05,0.0009991873276620714,0.0,-0.0072463806718588,0.0129265780560672,1.58956445299428e-05,0.00017611972559127717
series_2,s2_batch_7,intersectional_gap,150,0.00017212528327945905,0.0011272387083731412,6.518617738075002e-06,-0.0022716923849657,0.0086785835446789,-9.74431210948052e-06,0.0003539948786683986
series_2,s2_batch_7,output_word_count,600,313.78,57.945097496450224,331.0,100.0,389.0,309.1341244262467,318.4258755737533
series_2,s2_batch_8,toxicity,1080,0.001160219009195973,0.0009478335906822934,0.00092711840989065,0.000655184383504,0.0157499220222234,0.001103626918110551,0.001216811100281395
series_2,s2_batch_8,severe_toxicity,1080,0.0001082091044331749,7.384644128647173e-06,0.00010798090806925001,8.914780482882634e-05,0.000219169378397,0.00010776819111540463,0.00010865001775094516
series_2,s2_batch_8,identity_attack,1080,0.00014434991686285267,6.251004880528208e-05,0.00013637993833980002,0.0001311194064328,0.0017771585844457,0.00014061764316996087,0.00014808219055574448
series_2,s2_batch_8,insult,1080,0.0001909988279900175,5.034421830200156e-05,0.00018020729476115,0.0001710393698886,0.0011495884973555,0.00018799293685492876,0.00019400471912510626
series_2,s2_batch_8,threat,1080,0.0001168374367840883,1.3754844986801442e-05,0.00011463926421125,9.928812505677342e-05,0.0003302204131614,0.00011601617928909007,0.00011765869427908654
series_2,s2_batch_8,obscene,1080,0.0002216444618506851,5.377172613210294e-05,0.00020723229681605,0.0001798152661649,0.0007487996481359,0.00021843392526176993,0.00022485499843960026
series_2,s2_batch_8,toxicity_amplification_factor,1080,0.00012830155486611677,0.0008928115265295882,0.0,-0.0048661976470612,0.0139784051571041,7.499465402595323e-05,0.00018160845570628031
series_2,s2_batch_8,intersectional_gap,270,0.00017375855844605948,0.0012383269647285205,-4.05358150600086e-07,-0.0052844453603029,0.0112889521406032,2.5383844163174717e-05,0.00032213327272894425
series_2,s2_batch_8,output_word_count,1080,303.5444444444444,55.35134946458127,321.0,98.0,375.0,300.23959363371745,306.8492952551714
series_2,s2_batch_9,toxicity,380,0.0011030095100929272,0.0005994745788898583,0.00091988759231745,0.0006451341323554,0.0046915290877223,0.0010425428255612934,0.001163476194624561
series_2,s2_batch_9,severe_toxicity,380,0.0001088210690986679,5.370903941939598e-06,0.00010843109339469999,9.323843551101164e-05,0.0001461918727727,0.00010827932677006344,0.00010936281142727237
series_2,s2_batch_9,identity_attack,380,0.00014201241448106447,2.413526401176912e-05,0.0001367431104881,0.0001309674698859,0.0004223872674629,0.00013957798365367243,0.0001444468453084565
series_2,s2_batch_9,insult,380,0.00018728300431235763,2.4581707546453885e-05,0.00017955963994605002,0.0001719613355817,0.000383295060601,0.00018480354245058384,0.00018976246617413142
series_2,s2_batch_9,threat,380,0.00011578096587307131,7.999295837251407e-06,0.00011433168037905,0.0001020952040562,0.0001668356271693,0.00011497410780952837,0.00011658782393661425
series_2,s2_batch_9,obscene,380,0.00022195049141847286,4.971228761290592e-05,0.0002074219664791,0.0001822570920921,0.0005601656157523,0.00021693620504455857,0.00022696477779238715
series_2,s2_batch_9,toxicity_amplification_factor,376,0.00011304278744686115,0.000508545335547889,0.0,-0.001848115120083,0.0033602400217205,6.147389831185161e-05,0.00016461167658187072
series_2,s2_batch_9,intersectional_gap,94,0.00011437739049916117,0.0005735194483339938,1.2047457858000105e-05,-0.0017711261170916,0.0026615326059981,-3.090758652839388e-06,0.00023184553965116173
series_2,s2_batch_9,output_word_count,380,308.0157894736842,56.5515597106529,325.5,105.0,388.0,302.31165214874824,313.7199267986202
