model,prompt_type,metric,n,mean,std,median,min,max,ci95_low,ci95_high
gemma3:4b,intersectional,toxicity,1001.0,0.0011316219107019437,0.0009130216109720246,0.0009126720251515,0.0004941955558024,0.0111754965037107,0.001074993017745338,0.0011882508036585495
gemma3:4b,intersectional,severe_toxicity,1001.0,0.00010979561529915953,8.965822921028438e-06,0.0001086151460185,9.122967458097264e-05,0.0002167429774999,0.00010923952262800987,0.00011035170797030918
gemma3:4b,intersectional,identity_attack,1001.0,0.00014462173808469023,4.222650453156307e-05,0.0001364878553431,0.0001301542506553,0.0009255810873582,0.0001420026979915387,0.00014724077817784175
gemma3:4b,intersectional,insult,1001.0,0.00018986397427264446,4.651542554244161e-05,0.0001795500575099,0.0001686743053141,0.0010689598275348,0.0001869789198311953,0.0001927490287140936
gemma3:4b,intersectional,threat,1001.0,0.00011669631944804919,1.2950613471564192e-05,0.0001139841551776,8.893434278434142e-05,0.0002797222405206,0.00011589307569654278,0.00011749956319955559
gemma3:4b,intersectional,obscene,1001.0,0.00022195543799082346,5.800116245723685e-05,0.0002076606033369,0.0001694989769021,0.0008611570228822,0.00021835799672472597,0.00022555287925692095
gemma3:4b,intersectional,toxicity_amplification_factor,999.0,7.324459838090641e-05,0.0008881754394019337,1.1800206266399972e-05,-0.0087955696508288,0.0105837478186004,1.8101505262489435e-05,0.0001283876914993234
gemma3:4b,intersectional,intersectional_gap,999.0,-1.0689514716182772e-05,0.001506208017820707,-7.433700375499615e-07,-0.0393836172297597,0.0104602847422939,-0.0001042036621444444,8.282463271207886e-05
gemma3:4b,intersectional,output_word_count,1001.0,301.72527472527474,67.36765878780002,323.0,25.0,371.0,297.5468895782135,305.903659872336
gemma3:4b,neutral,toxicity,1001.0,0.0010583207415826637,0.0008950140922021415,0.0008945355657488,0.0004916557809337,0.0127285122871398,0.001002808739880963,0.0011138327432843645
gemma3:4b,neutral,severe_toxicity,1001.0,0.00011006391838044582,7.3785964152685156e-06,0.0001088473873096,9.505519847152756e-05,0.0001455824531149,0.00010960627122122317,0.00011052156553966848
gemma3:4b,neutral,identity_attack,1001.0,0.00013777371056056094,1.0200155145590454e-05,0.0001355697604594,0.0001313196116825,0.0002858491207007,0.00013714106015345234,0.00013840636096766954
gemma3:4b,neutral,insult,1001.0,0.00018547030562540682,3.5013908583171385e-05,0.0001786156790331,0.0001674565573921,0.0006780734984204,0.00018329861674387218,0.00018764199450694145
gemma3:4b,neutral,threat,1001.0,0.00011780407108561737,1.5493103003925114e-05,0.0001147125294664,0.0001042636286001,0.0003856056719087,0.00011684313296429416,0.00011876500920694058
gemma3:4b,neutral,obscene,1001.0,0.00021894478860034586,5.5541599242970284e-05,0.0002075386873912,0.000169816048583,0.0008551502833142,0.00021549989831475848,0.00022238967888593323
gemma3:4b,neutral,toxicity_amplification_factor,999.0,0.0,0.0,0.0,0.0,0.0,0.0,0.0
gemma3:4b,neutral,intersectional_gap,,,,,,,,
gemma3:4b,neutral,output_word_count,1001.0,292.3706293706294,69.54849744245735,318.0,24.0,372.0,288.0569807454137,296.6842779958451
gemma3:4b,single_identity,toxicity,1998.0,0.0011426299239169905,0.0017218528710048824,0.00089908356312655,0.0005027618608437,0.0624510869383811,0.001067084234750527,0.001218175613083454
gemma3:4b,single_identity,severe_toxicity,1998.0,0.00010981584278124303,8.24810690383538e-06,0.0001087133205146,8.914780482882634e-05,0.0002230300742667,0.00010945395999156817,0.0001101777255709179
gemma3:4b,single_identity,identity_attack,1998.0,0.00014088898147137776,3.114431431390219e-05,0.000135995549499,0.0001299117284361,0.001138831838034,0.00013952253563382627,0.00014225542730892925
gemma3:4b,single_identity,insult,1998.0,0.00018926000246331272,6.875485462370298e-05,0.00017919362289825,0.0001672092330409,0.0025786673650145,0.00018624340739671082,0.0001922765975299146
gemma3:4b,single_identity,threat,1998.0,0.00011749866779012096,1.579764302052495e-05,0.00011433249164834999,9.9077784398105e-05,0.0003699444350786,0.00011680555175838078,0.00011819178382186114
gemma3:4b,single_identity,obscene,1998.0,0.0002235651927848985,0.00012068766824476797,0.00020772240532095,0.0001678603584878,0.0045641376636922,0.00021827006378463524,0.00022886032178516178
gemma3:4b,single_identity,toxicity_amplification_factor,1998.0,8.39341130970899e-05,0.001691496242359337,6.755726644750012e-06,-0.0103218626463786,0.0605776211014017,9.720310336495497e-06,0.0001581479158576843
gemma3:4b,single_identity,intersectional_gap,,,,,,,,
gemma3:4b,single_identity,output_word_count,1998.0,298.7757757757758,68.26303198714433,321.0,20.0,382.0,295.7807592543865,301.7707922971651
llama3,intersectional,toxicity,1000.0,0.0012659004445012632,0.0016392027183228803,0.00086582422954955,0.0004881467029917,0.0284995380789041,0.0011641802351128072,0.0013676206538897192
llama3,intersectional,severe_toxicity,1000.0,0.00011369344498229779,1.2698658901238903e-05,0.0001110796329157,9.385654266225174e-05,0.000245869916398,0.00011290543369611094,0.00011448145626848464
llama3,intersectional,identity_attack,1000.0,0.0001662990669282816,0.00010089562728597767,0.0001418082028976,0.0001275764516321,0.001803517458029,0.0001600380204944337,0.00017256011336212949
llama3,intersectional,insult,1000.0,0.00020370083901793506,0.00010256920282585916,0.00018021158757615,0.000167064848938,0.0023124734871089,0.00019733593938006227,0.00021006573865580785
llama3,intersectional,threat,1000.0,0.00011959942609969146,2.4928697066725917e-05,0.00011495299258964999,9.621556819183752e-05,0.0005281717167235,0.00011805248363976,0.00012114636855962293
llama3,intersectional,obscene,1000.0,0.0002206055180867636,8.231852255932388e-05,0.00019712252105815,0.0001624494325369,0.0012005160097032,0.00021549726804686009,0.0002257137681266671
llama3,intersectional,toxicity_amplification_factor,1000.0,0.00033367663589887455,0.0015555738398793004,4.3899606680449985e-05,-0.0097714166040532,0.0205988949164748,0.0002371459902727982,0.0004302072815249509
llama3,intersectional,intersectional_gap,1000.0,0.00020273274302598688,0.0014995347029427178,8.177608833700035e-06,-0.0109601519070565,0.0262103207060136,0.00010967958842613925,0.0002957858976258345
llama3,intersectional,output_word_count,1000.0,309.505,79.04679861557564,341.0,51.0,395.0,304.59977576093206,314.41022423906793
llama3,neutral,toxicity,1000.0,0.0009322238086023806,0.0007247673670568945,0.00079070290667,0.0004942629602737,0.0107371071353554,0.0008872485974763424,0.0009771990197284188
llama3,neutral,severe_toxicity,1000.0,0.0001131813473984458,8.959086737656268e-06,0.0001117546453315,9.182368376059458e-05,0.0001463739172322,0.00011262539408730431,0.00011373730070958729
llama3,neutral,identity_attack,1000.0,0.0001394657765048974,9.971408894836178e-06,0.0001368436205666,0.000129037129227,0.000260435626842,0.00013884700386052404,0.00014008454914927077
llama3,neutral,insult,1000.0,0.00018296534194082247,2.9608226226962742e-05,0.0001769426016835,0.0001689945056568,0.0005992721999064,0.00018112801276990158,0.00018480267111174335
llama3,neutral,threat,1000.0,0.00011934088369156901,1.1599680516297094e-05,0.0001168839480669,0.0001016490277834,0.0001998135121539,0.00011862106916358668,0.00012006069821955133
llama3,neutral,obscene,1000.0,0.0002050464615749174,4.382470853502926e-05,0.00019542391237335,0.0001563458499731,0.0007503897650167,0.00020232693306343946,0.00020776599008639536
llama3,neutral,toxicity_amplification_factor,1000.0,0.0,0.0,0.0,0.0,0.0,0.0,0.0
llama3,neutral,intersectional_gap,,,,,,,,
llama3,neutral,output_word_count,1000.0,300.295,78.98207482171598,333.0,42.0,385.0,295.39379217561356,305.1962078243865
llama3,single_identity,toxicity,2000.0,0.0010631677014752731,0.0011404767618500347,0.00082171152462245,0.0004835154977627,0.0280944351106882,0.0010131547402486968,0.0011131806627018494
llama3,single_identity,severe_toxicity,2000.0,0.00011336790871787059,1.169487085921642e-05,0.00011129332779085,8.877691288944334e-05,0.0002543168666306,0.0001128550573013428,0.00011388076013439838
llama3,single_identity,identity_attack,2000.0,0.00015153790782637306,8.054478759632985e-05,0.00013901286729375,0.0001287876075366,0.0027796202339231,0.000148005803119107,0.00015507001253363913
llama3,single_identity,insult,2000.0,0.000190925098824615,5.7174958345735185e-05,0.00017837152699935,0.0001680783461779,0.0016237329691648,0.00018841782373534634,0.00019343237391388363
llama3,single_identity,threat,2000.0,0.0001193155830259857,2.230207683498497e-05,0.00011587242988749999,9.781851258594544e-05,0.0008561636786907,0.00011833757721181121,0.0001202935888401602
llama3,single_identity,obscene,2000.0,0.00021211856552685805,7.137126263661392e-05,0.00019488578254814998,0.0001581453689141,0.0012470667716115,0.00020898874446400142,0.0002152483865897147
llama3,single_identity,toxicity_amplification_factor,2000.0,0.00013094389287288897,0.0011965392470650296,1.582902041264995e-05,-0.0087163792923093,0.0270218774676323,7.847244148402756e-05,0.00018341534426175038
llama3,single_identity,intersectional_gap,,,,,,,,
llama3,single_identity,output_word_count,2000.0,306.5815,79.47283387052272,339.0,17.0,389.0,303.0964033352639,310.0665966647361
mistral,intersectional,toxicity,1000.0,0.0010342803681268782,0.001027632872536162,0.0008073891513049,0.0004917448386549,0.0150982830673456,0.0009705109332666263,0.0010980498029871302
mistral,intersectional,severe_toxicity,1000.0,0.0001143919467430778,1.593969008135422e-05,0.00011192507008665,8.92259631655179e-05,0.0003856251423712,0.00011340281428585411,0.00011538107920030148
mistral,intersectional,identity_attack,1000.0,0.0001664837318821299,0.00020559940193016558,0.000141301905387,0.0001317088754149,0.0050887470133602,0.00015372532562724328,0.0001792421381370165
mistral,intersectional,insult,1000.0,0.0001936611344426134,7.85589636529226e-05,0.00017893128097055,0.0001682868314674,0.0015814752550795,0.0001887861826487979,0.0001985360862364289
mistral,intersectional,threat,1000.0,0.00012059882955504266,1.544475672394129e-05,0.00011864414773295,9.85165679594502e-05,0.0003668302379082,0.0001196404100317268,0.00012155724907835851
mistral,intersectional,obscene,1000.0,0.00020300319587108278,6.242871100837535e-05,0.0001898228147183,0.0001567599247209,0.0011404103133827,0.00019912920183444495,0.0002068771899077206
mistral,intersectional,toxicity_amplification_factor,1000.0,0.00022337307606357072,0.001028522706711199,4.2884930735450006e-05,-0.0052375408122315,0.0143882862757892,0.0001595484228233136,0.00028719772930382783
mistral,intersectional,intersectional_gap,1000.0,0.00013806470137205578,0.0009863827389313526,7.27651058697506e-06,-0.0049031333182938,0.0141162946238183,7.685503058532607e-05,0.0001992743721587855
mistral,intersectional,output_word_count,1000.0,287.284,79.52601921215303,318.0,37.0,374.0,282.34903787745844,292.21896212254154
mistral,neutral,toxicity,1000.0,0.0008109072920633007,0.0003119165748201646,0.000764977739891,0.0004813933628611,0.0065670362673699,0.0007915514070664167,0.0008302631770601846
mistral,neutral,severe_toxicity,1000.0,0.00011475098422665134,9.409974203471881e-06,0.00011298205208725,8.819402137305588e-05,0.000148545281263,0.0001141670512355589,0.00011533491721774376
mistral,neutral,identity_attack,1000.0,0.0001396364568062789,7.521361112049684e-06,0.0001375180581817,0.0001309991930611,0.0002611375239212,0.00013916972110687337,0.00014010319250568442
mistral,neutral,insult,1000.0,0.000179635241845921,1.3874503405295112e-05,0.0001774971096892,0.0001685291208559,0.0005022483528591,0.0001787742638986715,0.00018049621979317052
mistral,neutral,threat,1000.0,0.0001223954356391412,9.123844136958252e-06,0.0001210767004522,0.0001024655357468,0.0001831913104979,0.00012182925835937891,0.00012296161291890353
mistral,neutral,obscene,1000.0,0.0001934541894006038,1.9175286218491093e-05,0.00019029816758115,0.0001708783238427,0.0006419318960979,0.00019226427304222678,0.00019464410575898084
mistral,neutral,toxicity_amplification_factor,1000.0,0.0,0.0,0.0,0.0,0.0,0.0,0.0
mistral,neutral,intersectional_gap,,,,,,,,
mistral,neutral,output_word_count,1000.0,278.987,79.31221380253018,313.0,33.0,373.0,274.0653055049411,283.90869449505897
mistral,single_identity,toxicity,2000.0,0.0008962156667548197,0.0005736101800109653,0.0007896924507803499,0.0004802482726518,0.0137923676520586,0.0008710613237189112,0.0009213700097907281
mistral,single_identity,severe_toxicity,2000.0,0.00011431632786111294,1.0781722704246098e-05,0.0001121157984016,9.19467056519352e-05,0.000241337227635,0.0001138435204374102,0.00011478913528481569
mistral,single_identity,identity_attack,2000.0,0.0001478185928207914,5.179848683221104e-05,0.0001390119432471,0.0001302436576224,0.0011401278898119,0.00014554709041040266,0.00015009009523118014
mistral,single_identity,insult,2000.0,0.00018384119781689632,2.9136902564889743e-05,0.00017826985276765,0.0001680305867921,0.000846977578476,0.0001825634665846733,0.00018511892904911933
mistral,single_identity,threat,2000.0,0.00012111670279040885,1.2475829159493098e-05,0.0001193811222037,9.651531581766903e-05,0.0004009866970591,0.00012056960426030731,0.00012166380132051038
mistral,single_identity,obscene,2000.0,0.00019743990030105486,3.5866546898486606e-05,0.0001904082455439,0.0001560241653351,0.0008517067763023,0.00019586705613678152,0.0001990127444653282
mistral,single_identity,toxicity_amplification_factor,2000.0,8.530837469151453e-05,0.0005861339622066713,1.5279510989799994e-05,-0.00571196625242,0.0129767180187628,5.960483025640534e-05,0.00011101191912662371
mistral,single_identity,intersectional_gap,,,,,,,,
mistral,single_identity,output_word_count,2000.0,284.5485,79.31686598930384,316.0,35.0,371.0,281.07024294467715,288.02675705532283
phi3:mini-4k,intersectional,toxicity,1000.0,0.0010225490756856255,0.0007122356280456038,0.0008644727058708,0.0004870827833656,0.0154267903417348,0.0009783515176844761,0.0010667466336867749
phi3:mini-4k,intersectional,severe_toxicity,1000.0,0.00011162520857755864,1.098923634432628e-05,0.0001099171749956,8.885465649655089e-05,0.0003010020882356,0.00011094327497076974,0.00011230714218434754
phi3:mini-4k,intersectional,identity_attack,1000.0,0.0001501351093756471,3.3967712389970116e-05,0.00014090438344275,0.000130875094328,0.0006085716304369,0.0001480272536613217,0.0001522429650899725
phi3:mini-4k,intersectional,insult,1000.0,0.0001897498347097502,3.9026733205947415e-05,0.0001811322072171,0.0001690602512098,0.0011346790706738,0.0001873280430490348,0.0001921716263704656
phi3:mini-4k,intersectional,threat,1000.0,0.00011626500834967765,1.0508313224184838e-05,0.0001143617701018,9.56643561949022e-05,0.0002124418533639,0.00011561291827592693,0.00011691709842342838
phi3:mini-4k,intersectional,obscene,1000.0,0.0002140582339779419,0.00023442326724614534,0.00019569280266289998,0.0001480538776377,0.0075071845203638,0.00019951117182189507,0.00022860529613398875
phi3:mini-4k,intersectional,toxicity_amplification_factor,1000.0,0.0001337197862157998,0.0008355709242676999,3.498754813335001e-05,-0.0081552910851315,0.0145265015307813,8.186869517906905e-05,0.00018557087725253052
phi3:mini-4k,intersectional,intersectional_gap,1000.0,3.4881130748542195e-05,0.000826884445731651,2.532804501224992e-06,-0.0105849629617296,0.0144989021646323,-1.643092359330114e-05,8.619318509038553e-05
phi3:mini-4k,intersectional,output_word_count,1000.0,293.235,82.62069931291404,326.0,47.0,378.0,288.1079984766443,298.36200152335573
phi3:mini-4k,neutral,toxicity,1000.0,0.0008888292894698188,0.0005445263085866167,0.0008092238567769,0.0004865968949161,0.0091592352837324,0.0008550388805668711,0.0009226196983727666
phi3:mini-4k,neutral,severe_toxicity,1000.0,0.0001127505649128064,9.206988399566179e-06,0.00011091504347855,9.001656871987507e-05,0.0001473071170039,0.00011217922814196505,0.00011332190168364775
phi3:mini-4k,neutral,identity_attack,1000.0,0.0001386330107342889,7.119308297968757e-06,0.00013680408301290002,0.0001300282310694,0.0002119613200193,0.0001381912242958725,0.0001390747971727053
phi3:mini-4k,neutral,insult,1000.0,0.0001829816917888333,2.282877786131041e-05,0.00017905724962470002,0.0001713807432679,0.0005298154428601,0.00018156505915506674,0.00018439832442259987
phi3:mini-4k,neutral,threat,1000.0,0.00011901021162334019,1.0080923722475048e-05,0.00011766041279765,0.0001020053823594,0.0002232270635431,0.0001183846430707646,0.00011963578017591578
phi3:mini-4k,neutral,obscene,1000.0,0.00020174444084109078,3.814496389676756e-05,0.00019414789130675001,0.0001677955588093,0.0008491278276778,0.00019937736709766497,0.00020411151458451658
phi3:mini-4k,neutral,toxicity_amplification_factor,1000.0,0.0,0.0,0.0,0.0,0.0,0.0,0.0
phi3:mini-4k,neutral,intersectional_gap,,,,,,,,
phi3:mini-4k,neutral,output_word_count,1000.0,283.864,82.67628966561618,321.0,24.0,376.0,278.7335488347826,288.99445116521736
phi3:mini-4k,single_identity,toxicity,2000.0,0.0009876679449370798,0.0008698294959541387,0.0008396886696573,0.0004837158194277,0.0217241253703832,0.0009495235913561103,0.0010258122985180491
phi3:mini-4k,single_identity,severe_toxicity,2000.0,0.00011216724742184554,1.303064490783924e-05,0.00011006972636095,9.199335909215732e-05,0.0004627835587598,0.00011159581873488493,0.00011273867610880615
phi3:mini-4k,single_identity,identity_attack,2000.0,0.0001450790499729413,3.811720337806468e-05,0.00013834692072119999,0.0001296738482778,0.0009598178439773,0.0001434075084927622,0.0001467505914531204
phi3:mini-4k,single_identity,insult,2000.0,0.00018857569881215098,6.84471143880602e-05,0.00017978466348714999,0.0001693170779617,0.0027789261657744,0.00018557410948348457,0.0001915772881408174
phi3:mini-4k,single_identity,threat,2000.0,0.00011774336855155015,1.283909319392519e-05,0.00011557200923555,9.329393651569262e-05,0.00039585493505,0.00011718033992039192,0.00011830639718270837
phi3:mini-4k,single_identity,obscene,2000.0,0.0002174668046499793,0.0004072886906314565,0.0001945972326211,0.0001500425714766,0.0166873019188642,0.00019960610448145402,0.0002353275048185046
phi3:mini-4k,single_identity,toxicity_amplification_factor,2000.0,9.88386554672579e-05,0.0009337720769844,1.8400081899049947e-05,-0.0082670933334157,0.0212143990211189,5.789024841254117e-05,0.00013978706252197463
phi3:mini-4k,single_identity,intersectional_gap,,,,,,,,
phi3:mini-4k,single_identity,output_word_count,2000.0,289.1125,82.69290720612682,324.0,32.0,393.0,285.4861944932538,292.73880550674625
qwen3:8b,intersectional,toxicity,1001.0,0.0013105435523733855,0.00138582792328775,0.0009460403816774,0.0004871579876635,0.0193976406008005,0.0012245895068381568,0.0013964975979086141
qwen3:8b,intersectional,severe_toxicity,1001.0,0.0001110281745050699,1.1083030011478771e-05,0.0001088101344066,9.270587906939908e-05,0.000219169378397,0.00011034076501485344,0.00011171558399528634
qwen3:8b,intersectional,identity_attack,1001.0,0.0001555847557755129,7.652338851855874e-05,0.0001393124985042,0.0001308774517383,0.0017771585844457,0.0001508384992520986,0.0001603310122989272
qwen3:8b,intersectional,insult,1001.0,0.0001998586562799148,7.112008023226527e-05,0.0001816732547013,0.0001682362781139,0.0012288315920159,0.00019544753242245163,0.00020426978013737796
qwen3:8b,intersectional,threat,1001.0,0.00011851036143301584,2.282162727076752e-05,0.000113779460662,9.630947897676378e-05,0.00045984366443,0.00011709488180769135,0.00011992584105834034
qwen3:8b,intersectional,obscene,1001.0,0.00023442271530316544,0.00010007460571250677,0.0002060775295831,0.0001663571601966,0.0021205744706094,0.00022821572735625943,0.00024062970325007145
qwen3:8b,intersectional,toxicity_amplification_factor,999.0,0.0002734797368235286,0.001296378165133302,4.040251951669999e-05,-0.0090249262284488,0.0165000292472542,0.00019299304612561358,0.00035396642752144364
qwen3:8b,intersectional,intersectional_gap,999.0,0.00014969918793740372,0.0011114843607785924,1.122424146155008e-05,-0.01026340626413,0.0120909097604454,8.069177916763513e-05,0.00021870659670717232
qwen3:8b,intersectional,output_word_count,1001.0,302.5804195804196,83.22488676005379,342.0,21.0,401.0,297.4185119683498,307.74232719248937
qwen3:8b,neutral,toxicity,1001.0,0.0010373266592617122,0.0007127013820750694,0.0008785160607658,0.0004827512602787,0.0116373850032687,0.0009931223493192714,0.001081530969204153
qwen3:8b,neutral,severe_toxicity,1001.0,0.00011077912958976129,8.209080248557291e-06,0.000109226690256,9.441938891541211e-05,0.0001551543391542,0.00011026997282821123,0.00011128828635131135
qwen3:8b,neutral,identity_attack,1001.0,0.00013945005928532519,1.1059764283882932e-05,0.0001368279627058,0.0001305563637288,0.0002925700973719,0.00013876409281943778,0.0001401360257512126
qwen3:8b,neutral,insult,1001.0,0.00018559800725858792,2.9639432639260526e-05,0.0001793101982912,0.0001702612644294,0.0006976978620514,0.00018375966275715132,0.0001874363517600245
qwen3:8b,neutral,threat,1001.0,0.00011881758095124056,1.510989165203745e-05,0.0001158688392024,0.0001052454463206,0.0003381268761586,0.00011788041097994253,0.00011975475092253859
qwen3:8b,neutral,obscene,1001.0,0.00021620953661876773,4.305878511479431e-05,0.000203236399102,0.0001716458355076,0.0006945790955796,0.00021353887548237774,0.00021888019775515773
qwen3:8b,neutral,toxicity_amplification_factor,999.0,0.0,0.0,0.0,0.0,0.0,0.0,0.0
qwen3:8b,neutral,intersectional_gap,,,,,,,,
qwen3:8b,neutral,output_word_count,1001.0,288.25374625374627,85.72316809621276,330.0,13.0,400.0,282.93688622361685,293.5706062838757
qwen3:8b,single_identity,toxicity,1998.0,0.0011613371996452078,0.0011060911005499724,0.0009115739667322,0.000483386014821,0.0212474670261144,0.0011128078416036155,0.0012098665576868001
qwen3:8b,single_identity,severe_toxicity,1998.0,0.00011056203524575799,9.861449553485483e-06,0.0001087134696717,9.16697026696056e-05,0.0003070215752813,0.00011012936761471725,0.00011099470287679873
qwen3:8b,single_identity,identity_attack,1998.0,0.0001446307919080772,3.451775164615472e-05,0.0001374871790176,0.0001306442864006,0.0008004737319424,0.0001431163376939586,0.00014614524612219582
qwen3:8b,single_identity,insult,1998.0,0.000191100268449351,4.654938162940293e-05,0.0001803389604901,0.0001688302290858,0.0011664812918752,0.00018905793070105452,0.0001931426061976475
qwen3:8b,single_identity,threat,1998.0,0.00011810183443245952,1.5903717580161896e-05,0.0001146565373346,9.590366971679032e-05,0.0003206526744179,0.00011740406441672005,0.00011879960444819898
qwen3:8b,single_identity,obscene,1998.0,0.0002293229882161593,0.00022034735186095156,0.00020554868387985,0.00016443534696,0.0095297880470752,0.00021965532564599676,0.00023899065078632185
qwen3:8b,single_identity,toxicity_amplification_factor,1998.0,0.00012378054888612485,0.0009937511380652133,1.6756821423800005e-05,-0.0066095357760787,0.0200954703614116,8.01800671903336e-05,0.0001673810305819161
qwen3:8b,single_identity,intersectional_gap,,,,,,,,
qwen3:8b,single_identity,output_word_count,1998.0,296.54954954954957,83.86491688258495,337.5,6.0,403.0,292.8700058153131,300.229093283786
