batch_id,model,prompt_type,mean,std,n,ci_low,ci_high
batch_6,llama3,intersectional,0.0012428980980378373,0.0014666973880072863,75.0,0.0009054416761936337,0.0015803545198820408
batch_6,llama3,neutral,0.0011264190326133908,0.0010581540635262335,75.0,0.0008829598930818129,0.0013698781721449686
batch_6,llama3,single_identity,0.0011428153379043709,0.0011620172275797975,150.0,0.000955334548392763,0.0013302961274159787
batch_6,mistral,intersectional,0.0011603093605177602,0.0010773149943952194,75.0,0.0009124416911673373,0.001408177029868183
batch_6,mistral,neutral,0.0008236379657561172,0.0001265126296678926,75.0,0.0007945300531935731,0.0008527458783186613
batch_6,mistral,single_identity,0.0010336338255243487,0.0012222139739317475,150.0,0.0008364408447781934,0.0012308268062705039
batch_6,phi3:mini-4k,intersectional,0.0010154480432780573,0.00039522873891773957,75.0,0.000924514168890797,0.0011063819176653175
batch_6,phi3:mini-4k,neutral,0.0009117913913602143,0.0002478071010843856,75.0,0.0008547761554135978,0.0009688066273068308
batch_6,phi3:mini-4k,single_identity,0.000948839915993882,0.0003014783170225238,150.0,0.0009001991630390105,0.0009974806689487534
